related_title,related_link,sponsored_title,sponsored_details,sponsored_price,location_title,location_address,location_Rating,location_Rating_Count,organic_title,organic_Link,organic_description,Organic_Rating,Organic_Rating_Count,organic_price
Motor oil 5w30,/search?gl=US&hl=en&q=Motor+oil+5w30&sa=X&ved=2ahUKEwj7x87Cy_73AhUILM0KHUSaAesQ1QJ6BAgGEAI,,,,,,,,,,,,,
Motor Oil price,/search?gl=US&hl=en&q=Motor+Oil+price&sa=X&ved=2ahUKEwj7x87Cy_73AhUILM0KHUSaAesQ1QJ6BAgGEAQ,,,,,,,,,,,,,
Motor Oil 5W20,/search?gl=US&hl=en&q=Motor+Oil+5W20&sa=X&ved=2ahUKEwj7x87Cy_73AhUILM0KHUSaAesQ1QJ6BAgGEAY,,,,,,,,,,,,,
Motor oil brands,/search?gl=US&hl=en&q=Motor+oil+brands&sa=X&ved=2ahUKEwj7x87Cy_73AhUILM0KHUSaAesQ1QJ6BAgGEAg,,,,,,,,,,,,,
Synthetic motor oil,/search?gl=US&hl=en&q=Synthetic+motor+oil&sa=X&ved=2ahUKEwj7x87Cy_73AhUILM0KHUSaAesQ1QJ6BAgGEAo,,,,,,,,,,,,,
Motor oil 10W30,/search?gl=US&hl=en&q=Motor+oil+10W30&sa=X&ved=2ahUKEwj7x87Cy_73AhUILM0KHUSaAesQ1QJ6BAgGEAw,,,,,,,,,,,,,
Motor Oil Hellas,/search?gl=US&hl=en&q=Motor+Oil+Hellas&sa=X&ved=2ahUKEwj7x87Cy_73AhUILM0KHUSaAesQ1QJ6BAgGEA4,,,,,,,,,,,,,
Motor oil vs engine oil,/search?gl=US&hl=en&q=Motor+oil+vs+engine+oil&sa=X&ved=2ahUKEwj7x87Cy_73AhUILM0KHUSaAesQ1QJ6BAgGEBA,,,,,,,,,,,,,
,,Napa Motor Oil 5w20 Synthetic Blend 5 Qt Us,NAPA Auto Parts,$16.99,,,,,,,,,,
,,Napa Motor Oil 10w40 Synthetic Blend 5 Qt Us,NAPA Auto Parts,$16.99,,,,,,,,,,
,,Napa Motor Oil 5w30 Synthetic Blend 5 Qt Us,NAPA Auto Parts,$16.99,,,,,,,,,,
,,,,,NAPA Auto Parts - Genuine Parts Company,4.6  (154) Auto parts store · 415 W McCarty St,Rated 4.6 out of 5,154,,,,,,
,,,,,AutoZone Auto Parts,4.2  (618) Auto parts store · 1530 Washington StClosed ⋅ Opens 7:30AM Fri,Rated 4.2 out of 5,618,,,,,,
,,,,,O'Reilly Auto Parts,4.2  (478) Auto parts store · 2915 Madison AveClosed ⋅ Opens 7:30AM Fri,Rated 4.2 out of 5,478,,,,,,
,,,,,,,,,Motor Oil - Walmart.com,www.walmart.com › Auto & Tires › Oils and Fluids › Motor Oil,"Shop for Motor Oil in Oils and Fluids. Buy products such as Valvoline 4-Stroke ... Mobil 1 Advanced Fuel Economy Full Synthetic Motor Oil 0W-20, 1 Quart.",N/A,N/A,N/A
,,,,,,,,,Motor oil - Wikipedia,en.wikipedia.org › wiki › Motor_oil,"Motor oil, engine oil, or engine lubricant is any one of various substances used for the lubrication of internal combustion engines.Category:Motor oils · Base oil · Synthetic oil · SAE J300",N/A,N/A,N/A
,,,,,,,,,Shop Amazon.com | Motor Oils,www.amazon.com › Motor-Oils,Results 1 - 24 of 3000+ · Looking for Motor Oils? Amazon.com has a wide selection at great prices to meet any vehicle need.,N/A,N/A,N/A
,,,,,,,,,Mobil motor oil products,www.mobil.com › Mobil™ lubricants › For personal vehicles › Our products,Mobil 1™ is an advanced full synthetic motor oil product line that delivers engine performance and protection. Learn more. Mobil Super™ motor oils. Mobil Super™ ...,N/A,N/A,N/A
,,,,,,,,,Shop AMSOIL Synthetic Motor Oil,www.amsoil.com › Products,Shop for Motor Oil at AMSOIL. Find the full line of premium AMSOIL products and buy online for delivery to your home.,N/A,N/A,N/A
,,,,,,,,,What is Motor Oil? | Pennzoil,www.pennzoil.com › Education › Know Your Oil,"Historically, motor oil was just a mixture of base oil and additives used to lubricate engine parts, reduce friction, clean, cool, and protect the engine.",N/A,N/A,N/A
,,,,,,,,,"Pennzoil: Synthetic Motor Oil, Oil Filters & Other Lubricants",www.pennzoil.com,"Pennzoil offers motor oils, filters, fluids and more. From passenger vehicles to high performance cars, Pennzoil provides the protection you need.",N/A,N/A,N/A
,,,,,,,,,Motor Oil - Conventional & Synthetic Engine Oil - AutoZone Auto Parts,www.autozone.com › ... › Motor Oil and Transmission Fluid,"Results 1 - 24 of 341 · Engine oil creates a separating film that lubricates moving parts to reduce friction, helping your car run more efficiently. Friction turns ...Valvoline Advanced Motor Oil... · Motor Oil and Transmission Fluid · Mobil 1 (48)",N/A,N/A,N/A
,,,,,,,,,Motor Oil - Valvoline,www.valvoline.com › motor-oil,"Today's advanced engine technology requires advanced protection. Valvoline Advanced Full Synthetic, the motor oil designed to protect today's sophisticated ...",N/A,N/A,N/A
,,,,,,,,,Castrol Motor Oil - The Right Oil For Your Engine,www.castrol.com/castrol®/oils,Discover The Right Lubricants For Every Application. Make The Switch To Castrol®. Browse The Range Of Castrol ® Motor Oil Products Before Your Next Oil Change.,N/A,N/A,N/A
